{
  "project_info": {
    "project_number": "605813215016",
    "project_id": "authentication-a65c9",
    "storage_bucket": "authentication-a65c9.appspot.com"
  },
  "client": [
    {
      "client_info": {
        "mobilesdk_app_id": "1:605813215016:android:6209646aa28789d9800a1d",
        "android_client_info": {
          "package_name": "com.example.myapplication"
        }
      },
      "oauth_client": [],
      "api_key": [
        {
          "current_key": "AIzaSyDeslEHFr1Otp6LfzF-BmcqNQkzRielaac"
        }
      ],
      "services": {
        "appinvite_service": {
          "other_platform_oauth_client": []
        }
      }
    }
  ],
  "configuration_version": "1"
}